,filename,img_size,met_id,temp,proc_no,scale,img_proc
0,DUM1178 015 500X 30keV HC14 15mm Right Mid 2 LEI 015.tif,2048x2560,DUM1178,900C,1,500X,LEI
1,DUM1178 M01 250X 30keV HC14 15mm Left LBE M01- 13.png,1428x2048,DUM1178,900C,1,250X,LBE
2,DUM1178 M03 250X 30keV HC14 15mm Right LBE M03- 10.png,1428x2048,DUM1178,900C,1,250X,LBE
3,DUM1178 018 500X 30keV HC14 15mm Right 2 LEI 018.tif,2048x2560,DUM1178,900C,1,500X,LEI
4,DUM1178 M02 250X 30keV HC14 15mm Cemter LEI M02- 9.png,1428x2048,DUM1178,900C,1,250X,LEI
5,DUM1178 M03 250X 30keV HC14 15mm Right LEI M03- 16.png,1428x2048,DUM1178,900C,1,250X,LEI
6,DUM1178 M01 250X 30keV HC14 15mm Left LEI M01- 15.png,1428x2048,DUM1178,900C,1,250X,LEI
7,DUM1178 M01 250X 30keV HC14 15mm Left LEI M01- 14.png,1428x2048,DUM1178,900C,1,250X,LEI
8,DUM1178 M03 250X 30keV HC14 15mm Right LEI M03- 17.png,1428x2048,DUM1178,900C,1,250X,LEI
9,DUM1178 004 10000X 30keV HC14 15mm Left 1 LEI 004.tif,2048x2560,DUM1178,900C,1,10000X,LEI
10,DUM1178 M02 250X 30keV HC14 15mm Cemter LEI M02- 8.png,1428x2048,DUM1178,900C,1,250X,LEI
11,DUM1178 M03 250X 30keV HC14 15mm Right LBE M03- 11.png,1428x2048,DUM1178,900C,1,250X,LBE
12,DUM1178 016 250X 30keV HC14 15mm Right LEI 016.tif,2048x2560,DUM1178,900C,1,250X,LEI
13,DUM1178 M01 250X 30keV HC14 15mm Left LBE M01- 12.png,1428x2048,DUM1178,900C,1,250X,LBE
14,DUM1178 M01 250X 30keV HC14 15mm Left LBE M01- 10.png,1428x2048,DUM1178,900C,1,250X,LBE
15,DUM1178 M03 250X 30keV HC14 15mm Right LBE M03- 13.png,1428x2048,DUM1178,900C,1,250X,LBE
16,DUM1178 012 10000X 30keV HC14 15mm Center 2 LBE 012.tif,2048x2560,DUM1178,900C,1,10000X,LBE
17,DUM1178 M03 250X 30keV HC14 15mm Right LEI M03- 15.png,1428x2048,DUM1178,900C,1,250X,LEI
18,DUM1178 014 500X 30keV HC14 15mm Right Mid 1 LBE 014.tif,2048x2560,DUM1178,900C,1,500X,LBE
19,DUM1178 M01 250X 30keV HC14 15mm Left LEI M01- 16.png,1428x2048,DUM1178,900C,1,250X,LEI
20,DUM1178 M01 250X 30keV HC14 15mm Left LEI M01- 17.png,1428x2048,DUM1178,900C,1,250X,LEI
21,DUM1178 M03 250X 30keV HC14 15mm Right LEI M03- 14.png,1428x2048,DUM1178,900C,1,250X,LEI
22,DUM1178 007 500X 30keV HC14 15mm Left Mid 2 LBE 007.tif,2048x2560,DUM1178,900C,1,500X,LBE
23,DUM1178 009 500X 30keV HC14 15mm Center 1 LBE 009.tif,2048x2560,DUM1178,900C,1,500X,LBE
24,DUM1178 M03 250X 30keV HC14 15mm Right LBE M03- 12.png,1428x2048,DUM1178,900C,1,250X,LBE
25,DUM1178 013 500X 30keV HC14 15mm Center 3 LEI 013.tif,2048x2560,DUM1178,900C,1,500X,LEI
26,DUM1178 M01 250X 30keV HC14 15mm Left LBE M01- 11.png,1428x2048,DUM1178,900C,1,250X,LBE
27,DUM1178 M03 250X 30keV HC14 15mm Right LBE M03- 8.png,1428x2048,DUM1178,900C,1,250X,LBE
28,DUM1178 011 5000X 30keV HC14 15mm Center 2 LBE 011.tif,2048x2560,DUM1178,900C,1,5000X,LBE
29,DUM1178 M01 250X 30keV HC14 15mm Left LBE M01- 15.png,1428x2048,DUM1178,900C,1,250X,LBE
30,DUM1178 M03 250X 30keV HC14 15mm Right LBE M03- 16.png,1428x2048,DUM1178,900C,1,250X,LBE
31,DUM1178 M03 250X 30keV HC14 15mm Right LEI M03- 10.png,1428x2048,DUM1178,900C,1,250X,LEI
32,DUM1178 003 5000X 30keV HC14 15mm Left 1 LEI 003.tif,2048x2560,DUM1178,900C,1,5000X,LEI
33,DUM1178 M01 250X 30keV HC14 15mm Left LEI M01- 13.png,1428x2048,DUM1178,900C,1,250X,LEI
34,DUM1178 008 250X 30keV HC14 15mm Center LEI 008.tif,2048x2560,DUM1178,900C,1,250X,LEI
35,DUM1178 M01 250X 30keV HC14 15mm Left LEI M01- 12.png,1428x2048,DUM1178,900C,1,250X,LEI
36,DUM1178 M03 250X 30keV HC14 15mm Right LEI M03- 11.png,1428x2048,DUM1178,900C,1,250X,LEI
37,DUM1178 M03 250X 30keV HC14 15mm Right LBE M03- 17.png,1428x2048,DUM1178,900C,1,250X,LBE
38,DUM1178 M02 250X 30keV HC14 15mm Cemter LEI M02.png,14118x2049,DUM1178,900C,1,250X,LEI
39,DUM1178 M01 250X 30keV HC14 15mm Left LBE M01- 14.png,1428x2048,DUM1178,900C,1,250X,LBE
40,DUM1178 M03 250X 30keV HC14 15mm Right LBE M03- 9.png,1428x2048,DUM1178,900C,1,250X,LBE
41,DUM1178 010 500X 30keV HC14 15mm Center 2 LEI 010.tif,2048x2560,DUM1178,900C,1,500X,LEI
42,DUM1178 M01 250X 30keV HC14 15mm Left LBE M01- 16.png,1428x2048,DUM1178,900C,1,250X,LBE
43,DUM1178 M01 250X 30keV HC14 15mm Left LEI M01- 8.png,1428x2048,DUM1178,900C,1,250X,LEI
44,DUM1178 M03 250X 30keV HC14 15mm Right LBE M03- 15.png,1428x2048,DUM1178,900C,1,250X,LBE
45,DUM1178 M03 250X 30keV HC14 15mm Right LEI M03- 13.png,1428x2048,DUM1178,900C,1,250X,LEI
46,DUM1178 019 5000X 30keV HC14 15mm Right 2 LBE 019.tif,2048x2560,DUM1178,900C,1,5000X,LBE
47,DUM1178 M01 250X 30keV HC14 15mm Left LEI M01- 10.png,1428x2048,DUM1178,900C,1,250X,LEI
48,DUM1178 M01 250X 30keV HC14 15mm Left LEI M01- 11.png,1428x2048,DUM1178,900C,1,250X,LEI
49,DUM1178 M03 250X 30keV HC14 15mm Right LEI M03- 12.png,1428x2048,DUM1178,900C,1,250X,LEI
50,DUM1178 M03 250X 30keV HC14 15mm Right LBE M03- 14.png,1428x2048,DUM1178,900C,1,250X,LBE
51,DUM1178 M01 250X 30keV HC14 15mm Left LEI M01- 9.png,1428x2048,DUM1178,900C,1,250X,LEI
52,DUM1178 M01 250X 30keV HC14 15mm Left LBE M01- 17.png,1428x2048,DUM1178,900C,1,250X,LBE
53,DUM1178 020 10000X 30keV HC14 15mm Right 2 LEI 020.tif,2048x2560,DUM1178,900C,1,10000X,LEI
54,DUM1178 002 500X 30keV HC14 15mm Left 1 LBE 002.tif,2048x2560,DUM1178,900C,1,500X,LBE
55,DUM1178 M02 250X 30keV HC14 15mm Cemter LBE M02- 9.png,1428x2048,DUM1178,900C,1,250X,LBE
56,DUM1178 M02 250X 30keV HC14 15mm Cemter LEI M02- 17.png,1428x2048,DUM1178,900C,1,250X,LEI
57,DUM1178 M02 250X 30keV HC14 15mm Cemter LBE M02- 11.png,1428x2048,DUM1178,900C,1,250X,LBE
58,DUM1178 M02 250X 30keV HC14 15mm Cemter LBE M02- 10.png,1428x2048,DUM1178,900C,1,250X,LBE
59,DUM1178 005 500X 30keV HC14 15mm Left 2 LBE 005.tif,2048x2560,DUM1178,900C,1,500X,LBE
60,DUM1178 M02 250X 30keV HC14 15mm Cemter LEI M02- 16.png,1428x2048,DUM1178,900C,1,250X,LEI
61,DUM1178 001 250X 30keV HC14 15mm Left LEI 001.tif,2048x2560,DUM1178,900C,1,250X,LEI
62,DUM1178 M02 250X 30keV HC14 15mm Cemter LBE M02- 8.png,1428x2048,DUM1178,900C,1,250X,LBE
63,DUM1178 017 500X 30keV HC14 15mm Right 1 LBE 017.tif,2048x2560,DUM1178,900C,1,500X,LBE
64,DUM1178 006 500X 30keV HC14 15mm Left Mid 1 LEI 006.tif,2048x2560,DUM1178,900C,1,500X,LEI
65,DUM1178 M02 250X 30keV HC14 15mm Cemter LEI M02- 14.png,1428x2048,DUM1178,900C,1,250X,LEI
66,DUM1178 M02 250X 30keV HC14 15mm Cemter LBE M02- 12.png,1428x2048,DUM1178,900C,1,250X,LBE
67,DUM1178 M01 250X 30keV HC14 15mm Left LBE M01.png,13764x2050,DUM1178,900C,1,250X,LBE
68,DUM1178 M02 250X 30keV HC14 15mm Cemter LBE M02- 13.png,1428x2048,DUM1178,900C,1,250X,LBE
69,DUM1178 M02 250X 30keV HC14 15mm Cemter LEI M02- 15.png,1428x2048,DUM1178,900C,1,250X,LEI
70,DUM1178 M02 250X 30keV HC14 15mm Cemter LEI M02- 11.png,1428x2048,DUM1178,900C,1,250X,LEI
71,DUM1178 M03 250X 30keV HC14 15mm Right LEI M03- 8.png,1428x2048,DUM1178,900C,1,250X,LEI
72,DUM1178 M02 250X 30keV HC14 15mm Cemter LBE M02- 17.png,1428x2048,DUM1178,900C,1,250X,LBE
73,DUM1178 M02 250X 30keV HC14 15mm Cemter LBE M02- 16.png,1428x2048,DUM1178,900C,1,250X,LBE
74,DUM1178 M03 250X 30keV HC14 15mm Right LEI M03- 9.png,1428x2048,DUM1178,900C,1,250X,LEI
75,DUM1178 M02 250X 30keV HC14 15mm Cemter LEI M02- 10.png,1428x2048,DUM1178,900C,1,250X,LEI
76,DUM1178 M01 250X 30keV HC14 15mm Left LBE M01- 8.png,1428x2048,DUM1178,900C,1,250X,LBE
77,DUM1178 M02 250X 30keV HC14 15mm Cemter LEI M02- 12.png,1428x2048,DUM1178,900C,1,250X,LEI
78,DUM1178 M03 250X 30keV HC14 15mm Right LEI M03.png,13690x2047,DUM1178,900C,1,250X,LEI
79,DUM1178 M02 250X 30keV HC14 15mm Cemter LBE M02- 14.png,1428x2048,DUM1178,900C,1,250X,LBE
80,DUM1178 M02 250X 30keV HC14 15mm Cemter LBE M02- 15.png,1428x2048,DUM1178,900C,1,250X,LBE
81,DUM1178 M02 250X 30keV HC14 15mm Cemter LEI M02- 13.png,1428x2048,DUM1178,900C,1,250X,LEI
82,DUM1178 M01 250X 30keV HC14 15mm Left LBE M01- 9.png,1428x2048,DUM1178,900C,1,250X,LBE
83,DUM1178 M01 250X 30keV HC14 15mm Left LBE M01- 4.png,1428x2048,DUM1178,900C,1,250X,LBE
84,DUM1178 016 250X 30keV HC14 15mm Right LBE 016.tif,2048x2560,DUM1178,900C,1,250X,LBE
85,DUM1178 M03 250X 30keV HC14 15mm Right LEI M03- 7.png,1428x2048,DUM1178,900C,1,250X,LEI
86,DUM1178 M02 250X 30keV HC14 15mm Cemter LEI M02- 22.png,1428x2048,DUM1178,900C,1,250X,LEI
87,DUM1178 004 10000X 30keV HC14 15mm Left 1 LBE 004.tif,2048x2560,DUM1178,900C,1,10000X,LBE
88,DUM1178 M02 250X 30keV HC14 15mm Cemter LBE M02- 18.png,1428x2048,DUM1178,900C,1,250X,LBE
89,DUM1178 M02 250X 30keV HC14 15mm Cemter LBE M02- 24.png,1428x2048,DUM1178,900C,1,250X,LBE
90,DUM1178 M02 250X 30keV HC14 15mm Cemter LBE M02- 19.png,1428x2048,DUM1178,900C,1,250X,LBE
91,DUM1178 M02 250X 30keV HC14 15mm Cemter LEI M02- 23.png,1428x2048,DUM1178,900C,1,250X,LEI
92,DUM1178 M03 250X 30keV HC14 15mm Right LEI M03- 6.png,1428x2048,DUM1178,900C,1,250X,LEI
93,DUM1178 M01 250X 30keV HC14 15mm Left LBE M01- 5.png,1428x2048,DUM1178,900C,1,250X,LBE
94,DUM1178 018 500X 30keV HC14 15mm Right 2 LBE 018.tif,2048x2560,DUM1178,900C,1,500X,LBE
95,DUM1178 M02 250X 30keV HC14 15mm Cemter LBE M02- 1.png,1428x2048,DUM1178,900C,1,250X,LBE
96,DUM1178 015 500X 30keV HC14 15mm Right Mid 2 LBE 015.tif,2048x2560,DUM1178,900C,1,500X,LBE
97,DUM1178 M02 250X 30keV HC14 15mm Cemter LBE M02- 3.png,1428x2048,DUM1178,900C,1,250X,LBE
98,DUM1178 M01 250X 30keV HC14 15mm Left LBE M01- 7.png,1428x2048,DUM1178,900C,1,250X,LBE
99,DUM1178 013 500X 30keV HC14 15mm Center 3 LBE 013.tif,2048x2560,DUM1178,900C,1,500X,LBE
100,DUM1178 007 500X 30keV HC14 15mm Left Mid 2 LEI 007.tif,2048x2560,DUM1178,900C,1,500X,LEI
101,DUM1178 M03 250X 30keV HC14 15mm Right LEI M03- 4.png,1428x2048,DUM1178,900C,1,250X,LEI
102,DUM1178 009 500X 30keV HC14 15mm Center 1 LEI 009.tif,2048x2560,DUM1178,900C,1,500X,LEI
103,DUM1178 M02 250X 30keV HC14 15mm Cemter LEI M02- 21.png,1428x2048,DUM1178,900C,1,250X,LEI
104,DUM1178 014 500X 30keV HC14 15mm Right Mid 1 LEI 014.tif,2048x2560,DUM1178,900C,1,500X,LEI
105,DUM1178 012 10000X 30keV HC14 15mm Center 2 LEI 012.tif,2048x2560,DUM1178,900C,1,10000X,LEI
106,DUM1178 M02 250X 30keV HC14 15mm Cemter LEI M02- 20.png,1428x2048,DUM1178,900C,1,250X,LEI
107,DUM1178 M03 250X 30keV HC14 15mm Right LEI M03- 5.png,1428x2048,DUM1178,900C,1,250X,LEI
108,DUM1178 M01 250X 30keV HC14 15mm Left LBE M01- 6.png,1428x2048,DUM1178,900C,1,250X,LBE
109,DUM1178 M02 250X 30keV HC14 15mm Cemter LBE M02- 2.png,1428x2048,DUM1178,900C,1,250X,LBE
110,DUM1178 010 500X 30keV HC14 15mm Center 2 LBE 010.tif,2048x2560,DUM1178,900C,1,500X,LBE
111,DUM1178 M02 250X 30keV HC14 15mm Cemter LBE M02.png,13927x2049,DUM1178,900C,1,250X,LBE
112,DUM1178 M02 250X 30keV HC14 15mm Cemter LBE M02- 6.png,1428x2048,DUM1178,900C,1,250X,LBE
113,DUM1178 M01 250X 30keV HC14 15mm Left LBE M01- 2.png,1428x2048,DUM1178,900C,1,250X,LBE
114,DUM1178 M02 250X 30keV HC14 15mm Cemter LEI M02- 24.png,1428x2048,DUM1178,900C,1,250X,LEI
115,DUM1178 M03 250X 30keV HC14 15mm Right LEI M03- 1.png,1428x2048,DUM1178,900C,1,250X,LEI
116,DUM1178 M02 250X 30keV HC14 15mm Cemter LEI M02- 18.png,1428x2048,DUM1178,900C,1,250X,LEI
117,DUM1178 M02 250X 30keV HC14 15mm Cemter LBE M02- 22.png,1428x2048,DUM1178,900C,1,250X,LBE
118,DUM1178 008 250X 30keV HC14 15mm Center LBE 008.tif,2048x2560,DUM1178,900C,1,250X,LBE
119,DUM1178 003 5000X 30keV HC14 15mm Left 1 LBE 003.tif,2048x2560,DUM1178,900C,1,5000X,LBE
120,DUM1178 M02 250X 30keV HC14 15mm Cemter LBE M02- 23.png,1428x2048,DUM1178,900C,1,250X,LBE
121,DUM1178 M02 250X 30keV HC14 15mm Cemter LEI M02- 19.png,1428x2048,DUM1178,900C,1,250X,LEI
122,DUM1178 M01 250X 30keV HC14 15mm Left LBE M01- 3.png,1428x2048,DUM1178,900C,1,250X,LBE
123,DUM1178 M02 250X 30keV HC14 15mm Cemter LBE M02- 7.png,1428x2048,DUM1178,900C,1,250X,LBE
124,DUM1178 011 5000X 30keV HC14 15mm Center 2 LEI 011.tif,2048x2560,DUM1178,900C,1,5000X,LEI
125,DUM1178 M02 250X 30keV HC14 15mm Cemter LBE M02- 5.png,1428x2048,DUM1178,900C,1,250X,LBE
126,DUM1178 M01 250X 30keV HC14 15mm Left LBE M01- 1.png,1428x2048,DUM1178,900C,1,250X,LBE
127,DUM1178 M03 250X 30keV HC14 15mm Right LEI M03- 2.png,1428x2048,DUM1178,900C,1,250X,LEI
128,DUM1178 M02 250X 30keV HC14 15mm Cemter LBE M02- 21.png,1428x2048,DUM1178,900C,1,250X,LBE
129,DUM1178 019 5000X 30keV HC14 15mm Right 2 LEI 019.tif,2048x2560,DUM1178,900C,1,5000X,LEI
130,DUM1178 M02 250X 30keV HC14 15mm Cemter LBE M02- 20.png,1428x2048,DUM1178,900C,1,250X,LBE
131,DUM1178 M03 250X 30keV HC14 15mm Right LEI M03- 3.png,1428x2048,DUM1178,900C,1,250X,LEI
132,DUM1178 M02 250X 30keV HC14 15mm Cemter LBE M02- 4.png,1428x2048,DUM1178,900C,1,250X,LBE
133,DUM1178 M03 250X 30keV HC14 15mm Right LBE M03- 7.png,1428x2048,DUM1178,900C,1,250X,LBE
134,DUM1178 M01 250X 30keV HC14 15mm Left LEI M01- 4.png,1428x2048,DUM1178,900C,1,250X,LEI
135,DUM1178 M03 250X 30keV HC14 15mm Right LBE M03- 19.png,1428x2048,DUM1178,900C,1,250X,LBE
136,DUM1178 001 250X 30keV HC14 15mm Left LBE 001.tif,2048x2560,DUM1178,900C,1,250X,LBE
137,DUM1178 005 500X 30keV HC14 15mm Left 2 LEI 005.tif,2048x2560,DUM1178,900C,1,500X,LEI
138,DUM1178 M03 250X 30keV HC14 15mm Right LEI M03- 23.png,1428x2048,DUM1178,900C,1,250X,LEI
139,DUM1178 M01 250X 30keV HC14 15mm Left LEI M01- 20.png,1428x2048,DUM1178,900C,1,250X,LEI
140,DUM1178 M01 250X 30keV HC14 15mm Left LEI M01- 21.png,1428x2048,DUM1178,900C,1,250X,LEI
141,DUM1178 M03 250X 30keV HC14 15mm Right LEI M03- 22.png,1428x2048,DUM1178,900C,1,250X,LEI
142,DUM1178 M03 250X 30keV HC14 15mm Right LBE M03- 24.png,1428x2048,DUM1178,900C,1,250X,LBE
143,DUM1178 M03 250X 30keV HC14 15mm Right LBE M03- 18.png,1428x2048,DUM1178,900C,1,250X,LBE
144,DUM1178 M02 250X 30keV HC14 15mm Cemter LEI M02- 1.png,1428x2048,DUM1178,900C,1,250X,LEI
145,DUM1178 020 10000X 30keV HC14 15mm Right 2 LBE 020.tif,2048x2560,DUM1178,900C,1,10000X,LBE
146,DUM1178 002 500X 30keV HC14 15mm Left 1 LEI 002.tif,2048x2560,DUM1178,900C,1,500X,LEI
147,DUM1178 M01 250X 30keV HC14 15mm Left LEI M01- 5.png,1428x2048,DUM1178,900C,1,250X,LEI
148,DUM1178 M03 250X 30keV HC14 15mm Right LBE M03- 6.png,1428x2048,DUM1178,900C,1,250X,LBE
149,DUM1178 M03 250X 30keV HC14 15mm Right LBE M03- 4.png,1428x2048,DUM1178,900C,1,250X,LBE
150,DUM1178 M01 250X 30keV HC14 15mm Left LEI M01- 7.png,1428x2048,DUM1178,900C,1,250X,LEI
151,DUM1178 M01 250X 30keV HC14 15mm Left LBE M01- 19.png,1428x2048,DUM1178,900C,1,250X,LBE
152,DUM1178 M02 250X 30keV HC14 15mm Cemter LEI M02- 3.png,1428x2048,DUM1178,900C,1,250X,LEI
153,DUM1178 M03 250X 30keV HC14 15mm Right LEI M03- 20.png,1428x2048,DUM1178,900C,1,250X,LEI
154,DUM1178 M01 250X 30keV HC14 15mm Left LEI M01- 23.png,1428x2048,DUM1178,900C,1,250X,LEI
155,DUM1178 M01 250X 30keV HC14 15mm Left LEI M01.png,13910x2049,DUM1178,900C,1,250X,LEI
156,DUM1178 M01 250X 30keV HC14 15mm Left LEI M01- 22.png,1428x2048,DUM1178,900C,1,250X,LEI
157,DUM1178 M03 250X 30keV HC14 15mm Right LEI M03- 21.png,1428x2048,DUM1178,900C,1,250X,LEI
158,DUM1178 M02 250X 30keV HC14 15mm Cemter LEI M02- 2.png,1428x2048,DUM1178,900C,1,250X,LEI
159,DUM1178 006 500X 30keV HC14 15mm Left Mid 1 LBE 006.tif,2048x2560,DUM1178,900C,1,500X,LBE
160,DUM1178 017 500X 30keV HC14 15mm Right 1 LEI 017.tif,2048x2560,DUM1178,900C,1,500X,LEI
161,DUM1178 M01 250X 30keV HC14 15mm Left LBE M01- 24.png,1428x2048,DUM1178,900C,1,250X,LBE
162,DUM1178 M01 250X 30keV HC14 15mm Left LBE M01- 18.png,1428x2048,DUM1178,900C,1,250X,LBE
163,DUM1178 M01 250X 30keV HC14 15mm Left LEI M01- 6.png,1428x2048,DUM1178,900C,1,250X,LEI
164,DUM1178 M03 250X 30keV HC14 15mm Right LBE M03- 5.png,1428x2048,DUM1178,900C,1,250X,LBE
165,DUM1178 M03 250X 30keV HC14 15mm Right LBE M03- 1.png,1428x2048,DUM1178,900C,1,250X,LBE
166,DUM1178 M01 250X 30keV HC14 15mm Left LBE M01- 20.png,1428x2048,DUM1178,900C,1,250X,LBE
167,DUM1178 M01 250X 30keV HC14 15mm Left LEI M01- 2.png,1428x2048,DUM1178,900C,1,250X,LEI
168,DUM1178 M03 250X 30keV HC14 15mm Right LBE M03- 23.png,1428x2048,DUM1178,900C,1,250X,LBE
169,DUM1178 M02 250X 30keV HC14 15mm Cemter LEI M02- 6.png,1428x2048,DUM1178,900C,1,250X,LEI
170,DUM1178 M03 250X 30keV HC14 15mm Right LEI M03- 19.png,1428x2048,DUM1178,900C,1,250X,LEI
171,DUM1178 M03 250X 30keV HC14 15mm Right LEI M03- 18.png,1428x2048,DUM1178,900C,1,250X,LEI
172,DUM1178 M03 250X 30keV HC14 15mm Right LEI M03- 24.png,1428x2048,DUM1178,900C,1,250X,LEI
173,DUM1178 M02 250X 30keV HC14 15mm Cemter LEI M02- 7.png,1428x2048,DUM1178,900C,1,250X,LEI
174,DUM1178 M03 250X 30keV HC14 15mm Right LBE M03- 22.png,1428x2048,DUM1178,900C,1,250X,LBE
175,DUM1178 M01 250X 30keV HC14 15mm Left LEI M01- 3.png,1428x2048,DUM1178,900C,1,250X,LEI
176,DUM1178 M01 250X 30keV HC14 15mm Left LBE M01- 21.png,1428x2048,DUM1178,900C,1,250X,LBE
177,DUM1178 M03 250X 30keV HC14 15mm Right LBE M03- 2.png,1428x2048,DUM1178,900C,1,250X,LBE
178,DUM1178 M01 250X 30keV HC14 15mm Left LBE M01- 23.png,1428x2048,DUM1178,900C,1,250X,LBE
179,DUM1178 M01 250X 30keV HC14 15mm Left LEI M01- 1.png,1428x2048,DUM1178,900C,1,250X,LEI
180,DUM1178 M03 250X 30keV HC14 15mm Right LBE M03- 20.png,1428x2048,DUM1178,900C,1,250X,LBE
181,DUM1178 M02 250X 30keV HC14 15mm Cemter LEI M02- 5.png,1428x2048,DUM1178,900C,1,250X,LEI
182,DUM1178 M01 250X 30keV HC14 15mm Left LEI M01- 19.png,1428x2048,DUM1178,900C,1,250X,LEI
183,DUM1178 M01 250X 30keV HC14 15mm Left LEI M01- 18.png,1428x2048,DUM1178,900C,1,250X,LEI
184,DUM1178 M01 250X 30keV HC14 15mm Left LEI M01- 24.png,1428x2048,DUM1178,900C,1,250X,LEI
185,DUM1178 M03 250X 30keV HC14 15mm Right LBE M03.png,13603x2049,DUM1178,900C,1,250X,LBE
186,DUM1178 M02 250X 30keV HC14 15mm Cemter LEI M02- 4.png,1428x2048,DUM1178,900C,1,250X,LEI
187,DUM1178 M03 250X 30keV HC14 15mm Right LBE M03- 21.png,1428x2048,DUM1178,900C,1,250X,LBE
188,DUM1178 M01 250X 30keV HC14 15mm Left LBE M01- 22.png,1428x2048,DUM1178,900C,1,250X,LBE
189,DUM1178 M03 250X 30keV HC14 15mm Right LBE M03- 3.png,1428x2048,DUM1178,900C,1,250X,LBE
190,DUM1154 008 250X 30keV HC14 15mm Center LEI 008.tif,2048x2560,DUM1154,900C,2,250X,LEI
191,DUM1154 003 5000X 30keV HC14 15mm Left 1 LBE 003.tif,2048x2560,DUM1154,900C,2,5000X,LBE
192,DUM1154 016 250X 30keV HC14 15mm Right LEI 016.tif,2048x2560,DUM1154,900C,2,250X,LEI
193,DUM1154 M02 250X 30keV HC14 Center LBE M02 3.tiff,1428x2048,DUM1154,900C,2,250X,LBE
194,DUM1154 M01 250X 30keV HC14 Left LBE M01.tiff,4948x3741,DUM1154,900C,2,250X,LBE
195,DUM1154 M03 250X 30keV HC14 Right LBE M03- 7.tiff,1428x2048,DUM1154,900C,2,250X,LBE
196,DUM1154 011 5000X 30keV HC14 15mm Center 2 LEI 011.tif,2048x2560,DUM1154,900C,2,5000X,LEI
197,DUM1154 012 10000X 30keV HC14 15mm Center 2 LEI 012.tif,2048x2560,DUM1154,900C,2,10000X,LEI
198,DUM1154 001 250X 30keV HC14 15mm Left LBE 001.tif,2048x2560,DUM1154,900C,2,250X,LBE
199,DUM1154 018 500X 30keV HC14 15mm Right 2 LBE 018.tif,2048x2560,DUM1154,900C,2,500X,LBE
200,DUM1154 M03 250X 30keV HC14 Right LBE M03- 6.tiff,1428x2048,DUM1154,900C,2,250X,LBE
201,DUM1154 007 500X 30keV HC14 15mm Left Mid 2 LEI 007.tif,2048x2560,DUM1154,900C,2,500X,LEI
202,DUM1154 M02 250X 30keV HC14 Center LBE M02 2.tiff,1428x2048,DUM1154,900C,2,250X,LBE
203,DUM1154 M01 250X 30keV HC14 Left LBE M01- 1.tiff,1428x2048,DUM1154,900C,2,250X,LBE
204,DUM1154 M02 250X 30keV HC14 Center LBE M02 5.tiff,1428x2048,DUM1154,900C,2,250X,LBE
205,DUM1154 010 500X 30keV HC14 15mm Center 2 LEI 010.tif,2048x2560,DUM1154,900C,2,500X,LEI
206,DUM1154 M03 250X 30keV HC14 Right LBE M03- 1.tiff,1428x2048,DUM1154,900C,2,250X,LBE
207,DUM1154 M01 250X 30keV HC14 Left LBE M01- 6.tiff,1428x2048,DUM1154,900C,2,250X,LBE
208,DUM1154 M02 250X 30keV HC14 Center LBE M02.tiff,5051x3707,DUM1154,900C,2,250X,LBE
209,DUM1154 019 5000X 30keV HC14 15mm Right 2 LBE 019.tif,2048x2560,DUM1154,900C,2,5000X,LBE
210,DUM1154 002 500X 30keV HC14 15mm Left 1 LBE 002.tif,2048x2560,DUM1154,900C,2,500X,LBE
211,DUM1154 006 500X 30keV HC14 15mm Left Mid 1 LBE 006.tif,2048x2560,DUM1154,900C,2,500X,LBE
212,DUM1154 004 10000X 30keV HC14 15mm Left 1 LEI 004.tif,2048x2560,DUM1154,900C,2,10000X,LEI
213,DUM1154 005 500X 30keV HC14 15mm Left 2 LBE 005.tif,2048x2560,DUM1154,900C,2,500X,LBE
214,DUM1154 M02 250X 30keV HC14 Center LBE M02 8.tiff,1428x2048,DUM1154,900C,2,250X,LBE
215,DUM1154 M01 250X 30keV HC14 Left LBE M01- 7.tiff,1428x2048,DUM1154,900C,2,250X,LBE
216,DUM1154 014 500X 30keV HC14 15mm Right Mid 1 LEI 014.tif,2048x2560,DUM1154,900C,2,500X,LEI
217,DUM1154 017 500X 30keV HC14 15mm Right 1 LEI 017.tif,2048x2560,DUM1154,900C,2,500X,LEI
218,DUM1154 013 500X 30keV HC14 15mm Center 3 LEI 013.tif,2048x2560,DUM1154,900C,2,500X,LEI
219,DUM1154 009 500X 30keV HC14 15mm Center 1 LBE 009.tif,2048x2560,DUM1154,900C,2,500X,LBE
220,DUM1154 015 500X 30keV HC14 15mm Right Mid 2 LBE 015.tif,2048x2560,DUM1154,900C,2,500X,LBE
221,DUM1154 020 10000X 30keV HC14 15mm Right 2 LBE 020.tif,2048x2560,DUM1154,900C,2,10000X,LBE
222,DUM1154 M02 250X 30keV HC14 Center LBE M02 4.tiff,1428x2048,DUM1154,900C,2,250X,LBE
223,DUM1154 016 250X 30keV HC14 15mm Right LBE 016.tif,2048x2560,DUM1154,900C,2,250X,LBE
224,DUM1154 M03 250X 30keV HC14 Right LBE M03- 3.tiff,1428x2048,DUM1154,900C,2,250X,LBE
225,DUM1154 003 5000X 30keV HC14 15mm Left 1 LEI 003.tif,2048x2560,DUM1154,900C,2,5000X,LEI
226,DUM1154 008 250X 30keV HC14 15mm Center LBE 008.tif,2048x2560,DUM1154,900C,2,250X,LBE
227,DUM1154 M02 250X 30keV HC14 Center LBE M02 7.tiff,1428x2048,DUM1154,900C,2,250X,LBE
228,DUM1154 M01 250X 30keV HC14 Left LBE M01- 8.tiff,1428x2048,DUM1154,900C,2,250X,LBE
229,DUM1154 011 5000X 30keV HC14 15mm Center 2 LBE 011.tif,2048x2560,DUM1154,900C,2,5000X,LBE
230,DUM1154 M01 250X 30keV HC14 Left LBE M01- 4.tiff,1428x2048,DUM1154,900C,2,250X,LBE
231,DUM1154 M01 250X 30keV HC14 Left LBE M01- 5.tiff,1428x2048,DUM1154,900C,2,250X,LBE
232,DUM1154 007 500X 30keV HC14 15mm Left Mid 2 LBE 007.tif,2048x2560,DUM1154,900C,2,500X,LBE
233,DUM1154 012 10000X 30keV HC14 15mm Center 2 LBE 012.tif,2048x2560,DUM1154,900C,2,10000X,LBE
234,DUM1154 001 250X 30keV HC14 15mm Left LEI 001.tif,2048x2560,DUM1154,900C,2,250X,LEI
235,DUM1154 018 500X 30keV HC14 15mm Right 2 LEI 018.tif,2048x2560,DUM1154,900C,2,500X,LEI
236,DUM1154 M02 250X 30keV HC14 Center LBE M02 6.tiff,1428x2048,DUM1154,900C,2,250X,LBE
237,DUM1154 M03 250X 30keV HC14 Right LBE M03- 2.tiff,1428x2048,DUM1154,900C,2,250X,LBE
238,DUM1154 010 500X 30keV HC14 15mm Center 2 LBE 010.tif,2048x2560,DUM1154,900C,2,500X,LBE
239,DUM1154 M01 250X 30keV HC14 Left LBE M01- 2.tiff,1428x2048,DUM1154,900C,2,250X,LBE
240,DUM1154 019 5000X 30keV HC14 15mm Right 2 LEI 019.tif,2048x2560,DUM1154,900C,2,5000X,LEI
241,DUM1154 M03 250X 30keV HC14 Right LBE M03- 5.tiff,1428x2048,DUM1154,900C,2,250X,LBE
242,DUM1154 M02 250X 30keV HC14 Center LBE M02 1.tiff,1428x2048,DUM1154,900C,2,250X,LBE
243,DUM1154 014 500X 30keV HC14 15mm Right Mid 1 LBE 014.tif,2048x2560,DUM1154,900C,2,500X,LBE
244,DUM1154 M03 250X 30keV HC14 Right LBE M03- 4.tiff,1428x2048,DUM1154,900C,2,250X,LBE
245,DUM1154 005 500X 30keV HC14 15mm Left 2 LEI 005.tif,2048x2560,DUM1154,900C,2,500X,LEI
246,DUM1154 004 10000X 30keV HC14 15mm Left 1 LBE 004.tif,2048x2560,DUM1154,900C,2,10000X,LBE
247,DUM1154 006 500X 30keV HC14 15mm Left Mid 1 LEI 006.tif,2048x2560,DUM1154,900C,2,500X,LEI
248,DUM1154 002 500X 30keV HC14 15mm Left 1 LEI 002.tif,2048x2560,DUM1154,900C,2,500X,LEI
249,DUM1154 M01 250X 30keV HC14 Left LBE M01- 3.tiff,1428x2048,DUM1154,900C,2,250X,LBE
250,DUM1154 020 10000X 30keV HC14 15mm Right 2 LEI 020.tif,2048x2560,DUM1154,900C,2,10000X,LEI
251,DUM1154 015 500X 30keV HC14 15mm Right Mid 2 LEI 015.tif,2048x2560,DUM1154,900C,2,500X,LEI
252,DUM1154 M03 250X 30keV HC14 Right LBE M03- 8.tiff,1428x2048,DUM1154,900C,2,250X,LBE
253,DUM1154 M03 250X 30keV HC14 Right LBE M03.tiff,5069x3778,DUM1154,900C,2,250X,LBE
254,DUM1154 009 500X 30keV HC14 15mm Center 1 LEI 009.tif,2048x2560,DUM1154,900C,2,500X,LEI
255,DUM1154 013 500X 30keV HC14 15mm Center 3 LBE 013.tif,2048x2560,DUM1154,900C,2,500X,LBE
256,DUM1154 017 500X 30keV HC14 15mm Right 1 LBE 017.tif,2048x2560,DUM1154,900C,2,500X,LBE
257,DUM1297 002 500X 30keV HC14 15mm Left 1 LEI 002.tif,2048x2560,DUM1297,900C,3,500X,LEI
258,DUM1297 009 10000X 30keV HC14 15mm Left Mid LBE 009.tif,2048x2560,DUM1297,900C,3,10000X,LBE
259,DUM1297 004 10000X 30keV HC14 15mm Left LBE 004.tif,2048x2560,DUM1297,900C,3,10000X,LBE
260,DUM1297 005 500X 30keV HC14 15mm Left 2 LEI 005.tif,2048x2560,DUM1297,900C,3,500X,LEI
261,DUM1297 001 250X 30keV HC14 15mm Left LBE 001.tif,2048x2560,DUM1297,900C,3,250X,LBE
262,DUM1297 013 500X 30keV HC14 15mm Center 3 LBE 013.tif,2048x2560,DUM1297,900C,3,500X,LBE
263,DUM1297 008 5000X 30keV HC14 15mm Left Mid LEI 008.tif,2048x2560,DUM1297,900C,3,5000X,LEI
264,DUM1297 019 10000X 30keV HC14 15mm Right Mid LBE 019.tif,2048x2560,DUM1297,900C,3,10000X,LBE
265,DUM1297 012 500X 30keV HC14 15mm Center 2 LEI 012.tif,2048x2560,DUM1297,900C,3,500X,LEI
266,DUM1297 024 10000X 30keV HC14 15mm Right LEI 024.tif,2048x2560,DUM1297,900C,3,10000X,LEI
267,DUM1297 007 500X 30keV HC14 15mm Left Mid 2 LBE 007.tif,2048x2560,DUM1297,900C,3,500X,LBE
268,DUM1297 015 10000X 30keV HC14 15mm Center LEI 015.tif,2048x2560,DUM1297,900C,3,10000X,LEI
269,DUM1297 017 500X 30keV HC14 15mm Right Mid 2 LEI 017.tif,2048x2560,DUM1297,900C,3,500X,LEI
270,DUM1297 014 5000X 30keV HC14 15mm Center LEI 014.tif,2048x2560,DUM1297,900C,3,5000X,LEI
271,DUM1297 011 500X 30keV HC14 15mm Center 1 LBE 011.tif,2048x2560,DUM1297,900C,3,500X,LBE
272,DUM1297 018 5000X 30keV HC14 15mm Right Mid LBE 018.tif,2048x2560,DUM1297,900C,3,5000X,LBE
273,DUM1297 016 500X 30keV HC14 15mm Right Mid 1 LBE 016.tif,2048x2560,DUM1297,900C,3,500X,LBE
274,DUM1297 010 250X 30keV HC14 15mm Center LBE 010.tif,2048x2560,DUM1297,900C,3,250X,LBE
275,DUM1297 003 5000X 30keV HC14 15mm Left LEI 003.tif,2048x2560,DUM1297,900C,3,5000X,LEI
276,DUM1297 021 500X 30keV HC14 15mm Right 1 LBE 021.tif,2048x2560,DUM1297,900C,3,500X,LBE
277,DUM1297 006 500X 30keV HC14 15mm Left Mid 1 LEI 006.tif,2048x2560,DUM1297,900C,3,500X,LEI
278,DUM1297 020 250X 30keV HC14 15mm Right LEI 020.tif,2048x2560,DUM1297,900C,3,250X,LEI
279,DUM1297 023 5000X 30keV HC14 15mm Right LEI 023.tif,2048x2560,DUM1297,900C,3,5000X,LEI
280,DUM1297 022 500X 30keV HC14 15mm Right 2 LBE 022.tif,2048x2560,DUM1297,900C,3,500X,LBE
281,DUM1297 013 500X 30keV HC14 15mm Center 3 LEI 013.tif,2048x2560,DUM1297,900C,3,500X,LEI
282,DUM1297 005 500X 30keV HC14 15mm Left 2 LBE 005.tif,2048x2560,DUM1297,900C,3,500X,LBE
283,DUM1297 001 250X 30keV HC14 15mm Left LEI 001.tif,2048x2560,DUM1297,900C,3,250X,LEI
284,DUM1297 004 10000X 30keV HC14 15mm Left LEI 004.tif,2048x2560,DUM1297,900C,3,10000X,LEI
285,DUM1297 009 10000X 30keV HC14 15mm Left Mid LEI 009.tif,2048x2560,DUM1297,900C,3,10000X,LEI
286,DUM1297 002 500X 30keV HC14 15mm Left 1 LBE 002.tif,2048x2560,DUM1297,900C,3,500X,LBE
287,DUM1297 008 5000X 30keV HC14 15mm Left Mid LBE 008.tif,2048x2560,DUM1297,900C,3,5000X,LBE
288,DUM1297 012 500X 30keV HC14 15mm Center 2 LBE 012.tif,2048x2560,DUM1297,900C,3,500X,LBE
289,DUM1297 019 10000X 30keV HC14 15mm Right Mid LEI 019.tif,2048x2560,DUM1297,900C,3,10000X,LEI
290,DUM1297 007 500X 30keV HC14 15mm Left Mid 2 LEI 007.tif,2048x2560,DUM1297,900C,3,500X,LEI
291,DUM1297 024 10000X 30keV HC14 15mm Right LBE 024.tif,2048x2560,DUM1297,900C,3,10000X,LBE
292,DUM1297 014 5000X 30keV HC14 15mm Center LBE 014.tif,2048x2560,DUM1297,900C,3,5000X,LBE
293,DUM1297 017 500X 30keV HC14 15mm Right Mid 2 LBE 017.tif,2048x2560,DUM1297,900C,3,500X,LBE
294,DUM1297 015 10000X 30keV HC14 15mm Center LBE 015.tif,2048x2560,DUM1297,900C,3,10000X,LBE
295,DUM1297 016 500X 30keV HC14 15mm Right Mid 1 LEI 016.tif,2048x2560,DUM1297,900C,3,500X,LEI
296,DUM1297 018 5000X 30keV HC14 15mm Right Mid LEI 018.tif,2048x2560,DUM1297,900C,3,5000X,LEI
297,DUM1297 011 500X 30keV HC14 15mm Center 1 LEI 011.tif,2048x2560,DUM1297,900C,3,500X,LEI
298,DUM1297 003 5000X 30keV HC14 15mm Left LBE 003.tif,2048x2560,DUM1297,900C,3,5000X,LBE
299,DUM1297 010 250X 30keV HC14 15mm Center LEI 010.tif,2048x2560,DUM1297,900C,3,250X,LEI
300,DUM1297 023 5000X 30keV HC14 15mm Right LBE 023.tif,2048x2560,DUM1297,900C,3,5000X,LBE
301,DUM1297 022 500X 30keV HC14 15mm Right 2 LEI 022.tif,2048x2560,DUM1297,900C,3,500X,LEI
302,DUM1297 020 250X 30keV HC14 15mm Right LBE 020.tif,2048x2560,DUM1297,900C,3,250X,LBE
303,DUM1297 006 500X 30keV HC14 15mm Left Mid 1 LBE 006.tif,2048x2560,DUM1297,900C,3,500X,LBE
304,DUM1297 021 500X 30keV HC14 15mm Right 1 LEI 021.tif,2048x2560,DUM1297,900C,3,500X,LEI
305,DUM1144 004 10000X 30keV HC14 15mm Left 1 LBE 004.tif,2048x2560,DUM1144,900C,4,10000X,LBE
306,DUM1144 002 500X 30keV HC14 15mm Left 1 LEI 002.tif,2048x2560,DUM1144,900C,4,500X,LEI
307,DUM1144 018 500X 30keV HC14 15mm Right 2 LBE 018.tif,2048x2560,DUM1144,900C,4,500X,LBE
308,DUM1144 008 500X 30keV HC14 15mm Center 1 LEI 008.tif,2048x2560,DUM1144,900C,4,500X,LEI
309,DUM1144 005 500X 30keV HC14 15mm Left 2 LEI 005.tif,2048x2560,DUM1144,900C,4,500X,LEI
310,DUM1144 013 500X 30keV HC14 15mm Center 3 LBE 013.tif,2048x2560,DUM1144,900C,4,500X,LBE
311,DUM1144 009 250X 30keV HC14 15mm Center 2 LEI 009.tif,2048x2560,DUM1144,900C,4,250X,LEI
312,DUM1144 003 5000X 30keV HC14 15mm Left 1 LBE 003.tif,2048x2560,DUM1144,900C,4,5000X,LBE
313,DUM1144 010 500X 30keV HC14 15mm Center 2 LBE 010.tif,2048x2560,DUM1144,900C,4,500X,LBE
314,DUM1144 012 10000X 30keV HC14 15mm Center 2 LBE 012.tif,2048x2560,DUM1144,900C,4,10000X,LBE
315,DUM1144 007 500X 30keV HC14 15mm Left Mid 2 LBE 007.tif,2048x2560,DUM1144,900C,4,500X,LBE
316,DUM1144 011 5000X 30keV HC14 15mm Center 2 LEI 011.tif,2048x2560,DUM1144,900C,4,5000X,LEI
317,DUM1144 019 5000X 30keV HC14 15mm Right 2 LEI 019.tif,2048x2560,DUM1144,900C,4,5000X,LEI
318,DUM1144 001 250X 30keV HC14 15mm Left 1 LBE 001.tif,2048x2560,DUM1144,900C,4,250X,LBE
319,DUM1144 020 10000X 30keV HC14 15mm Right 2 LBE 020.tif,2048x2560,DUM1144,900C,4,10000X,LBE
320,DUM1144 006 500X 30keV HC14 15mm Left Mid 1 LEI 006.tif,2048x2560,DUM1144,900C,4,500X,LEI
321,DUM1144 015 500X 30keV HC14 15mm Right Mid 2 LBE 015.tif,2048x2560,DUM1144,900C,4,500X,LBE
322,DUM1144 016 500X 30keV HC14 15mm Right 1 LBE 016.tif,2048x2560,DUM1144,900C,4,500X,LBE
323,DUM1144 017 250X 30keV HC14 15mm Right 2 LBE 017.tif,2048x2560,DUM1144,900C,4,250X,LBE
324,DUM1144 014 500X 30keV HC14 15mm Right Mid 1 LEI 014.tif,2048x2560,DUM1144,900C,4,500X,LEI
325,DUM1144 005 500X 30keV HC14 15mm Left 2 LBE 005.tif,2048x2560,DUM1144,900C,4,500X,LBE
326,DUM1144 008 500X 30keV HC14 15mm Center 1 LBE 008.tif,2048x2560,DUM1144,900C,4,500X,LBE
327,DUM1144 018 500X 30keV HC14 15mm Right 2 LEI 018.tif,2048x2560,DUM1144,900C,4,500X,LEI
328,DUM1144 002 500X 30keV HC14 15mm Left 1 LBE 002.tif,1901x2501,DUM1144,900C,4,500X,LBE
329,DUM1144 004 10000X 30keV HC14 15mm Left 1 LEI 004.tif,2048x2560,DUM1144,900C,4,10000X,LEI
330,DUM1144 009 250X 30keV HC14 15mm Center 2 LBE 009.tif,2048x2560,DUM1144,900C,4,250X,LBE
331,DUM1144 013 500X 30keV HC14 15mm Center 3 LEI 013.tif,2048x2560,DUM1144,900C,4,500X,LEI
332,DUM1144 007 500X 30keV HC14 15mm Left Mid 2 LEI 007.tif,2048x2560,DUM1144,900C,4,500X,LEI
333,DUM1144 012 10000X 30keV HC14 15mm Center 2 LEI 012.tif,2048x2560,DUM1144,900C,4,10000X,LEI
334,DUM1144 010 500X 30keV HC14 15mm Center 2 LEI 010.tif,2048x2560,DUM1144,900C,4,500X,LEI
335,DUM1144 003 5000X 30keV HC14 15mm Left 1 LEI 003.tif,2048x2560,DUM1144,900C,4,5000X,LEI
336,DUM1144 019 5000X 30keV HC14 15mm Right 2 LBE 019.tif,2048x2560,DUM1144,900C,4,5000X,LBE
337,DUM1144 011 5000X 30keV HC14 15mm Center 2 LBE 011.tif,2048x2560,DUM1144,900C,4,5000X,LBE
338,DUM1144 001 250X 30keV HC14 15mm Left 1 LEI 001.tif,2048x2560,DUM1144,900C,4,250X,LEI
339,DUM1144 020 10000X 30keV HC14 15mm Right 2 LEI 020.tif,2048x2560,DUM1144,900C,4,10000X,LEI
340,DUM1144 M01 250X 30keV HC14 Left LBE M01.tiff,3345x3717,DUM1144,900C,4,250X,LBE
341,DUM1144 M03 250X 30keV HC14 Right LBE M03.tiff,3416x3699,DUM1144,900C,4,250X,LBE
342,DUM1144 016 500X 30keV HC14 15mm Right 1 LEI 016.tif,2048x2560,DUM1144,900C,4,500X,LEI
343,DUM1144 M02 250X 30keV HC14 Center LBE M02.tiff,3329x3712,DUM1144,900C,4,250X,LBE
344,DUM1144 015 500X 30keV HC14 15mm Right Mid 2 LEI 015.tif,2048x2560,DUM1144,900C,4,500X,LEI
345,DUM1144 006 500X 30keV HC14 15mm Left Mid 1 LBE 006.tif,2048x2560,DUM1144,900C,4,500X,LBE
346,DUM1144 M02 250X 30keV HC14 Center LEI M02.tiff,3337x3677,DUM1144,900C,4,250X,LEI
347,DUM1144 017 250X 30keV HC14 15mm Right 2 LEI 017.tif,2048x2560,DUM1144,900C,4,250X,LEI
348,DUM1144 M01 250X 30keV HC14 Left LEI M01.tiff,3402x3674,DUM1144,900C,4,250X,LEI
349,DUM1144 014 500X 30keV HC14 15mm Right Mid 1 LBE 014.tif,2048x2560,DUM1144,900C,4,500X,LBE
350,DUM1144 M03 250X 30keV HC14 Right LEI M03.tiff,3409x3665,DUM1144,900C,4,250X,LEI
351,DUM1150 009 500X 30keV HC14 15mm Left 2 LBE 009.tif,2048x2560,DUM1150,900C,6,500X,LBE
352,DUM1150 016 300X 30keV HC14 15mm Right LBE 016.tif,2048x2560,DUM1150,900C,6,300X,LBE
353,DUM1150 005 300X 30keV HC14 15mm Center LBE 005.tif,2048x2560,DUM1150,900C,6,300X,LBE
354,DUM1150 002 500X 30keV HC14 15mm Left End LEI 002.tif,2048x2560,DUM1150,900C,6,500X,LEI
355,DUM1150 011 500X 30keV HC14 15mm Left Mid 2 LBE 011.tif,2048x2560,DUM1150,900C,6,500X,LBE
356,DUM1150 012 500X 30keV HC14 15mm Center 1 LEI 012.tif,2048x2560,DUM1150,900C,6,500X,LEI
357,DUM1150 006 500X 30keV HC14 15mm Center LBE 006.tif,2048x2560,DUM1150,900C,6,500X,LBE
358,DUM1150 017 500X 30keV HC14 15mm Right 1 LBE 017.tif,2048x2560,DUM1150,900C,6,500X,LBE
359,DUM1150 020 10000X 30keV HC14 15mm Right 2 LEI 020.tif,2048x2560,DUM1150,900C,6,10000X,LEI
360,DUM1150 014 500X 30keV HC14 15mm Right Mid 1 LEI 014.tif,2048x2560,DUM1150,900C,6,500X,LEI
361,DUM1150 019 5000X 30keV HC14 15mm Right 2 LEI 019.tif,2048x2560,DUM1150,900C,6,5000X,LEI
362,DUM1150 007 5000X 30keV HC14 15mm Center LBE 007.tif,2048x2560,DUM1150,900C,6,5000X,LBE
363,DUM1150 015 500X 30keV HC14 15mm Right Mid 2 LBE 015.tif,2048x2560,DUM1150,900C,6,500X,LBE
364,DUM1150 001 300X 30keV HC14 15mm Left End LBE 001.tif,2048x2560,DUM1150,900C,6,300X,LBE
365,DUM1150 018 500X 30keV HC14 15mm Right 2 LEI 018.tif,2048x2560,DUM1150,900C,6,500X,LEI
366,DUM1150 008 10000X 30keV HC14 15mm Center LEI 008.tif,2048x2560,DUM1150,900C,6,10000X,LEI
367,DUM1150 010 500X 30keV HC14 15mm Left Mid 1 LEI 010.tif,2048x2560,DUM1150,900C,6,500X,LEI
368,DUM1150 013 500X 30keV HC14 15mm Center 3 LBE 013.tif,2048x2560,DUM1150,900C,6,500X,LBE
369,DUM1150 009 500X 30keV HC14 15mm Left 2 LEI 009.tif,2048x2560,DUM1150,900C,6,500X,LEI
370,DUM1150 005 300X 30keV HC14 15mm Center LEI 005.tif,2048x2560,DUM1150,900C,6,300X,LEI
371,DUM1150 016 300X 30keV HC14 15mm Right LEI 016.tif,2048x2560,DUM1150,900C,6,300X,LEI
372,DUM1150 011 500X 30keV HC14 15mm Left Mid 2 LEI 011.tif,2048x2560,DUM1150,900C,6,500X,LEI
373,DUM1150 002 500X 30keV HC14 15mm Left End LBE 002.tif,2048x2560,DUM1150,900C,6,500X,LBE
374,DUM1150 020 10000X 30keV HC14 15mm Right 2 LBE 020.tif,2048x2560,DUM1150,900C,6,10000X,LBE
375,DUM1150 017 500X 30keV HC14 15mm Right 1 LEI 017.tif,2048x2560,DUM1150,900C,6,500X,LEI
376,DUM1150 012 500X 30keV HC14 15mm Center 1 LBE 012.tif,2048x2560,DUM1150,900C,6,500X,LBE
377,DUM1150 006 500X 30keV HC14 15mm Center LEI 006.tif,2048x2560,DUM1150,900C,6,500X,LEI
378,DUM1150 019 5000X 30keV HC14 15mm Right 2 LBE 019.tif,2048x2560,DUM1150,900C,6,5000X,LBE
379,DUM1150 014 500X 30keV HC14 15mm Right Mid 1 LBE 014.tif,2048x2560,DUM1150,900C,6,500X,LBE
380,DUM1150 015 500X 30keV HC14 15mm Right Mid 2 LEI 015.tif,2048x2560,DUM1150,900C,6,500X,LEI
381,DUM1150 007 5000X 30keV HC14 15mm Center LEI 007.tif,2048x2560,DUM1150,900C,6,5000X,LEI
382,DUM1150 010 500X 30keV HC14 15mm Left Mid 1 LBE 010.tif,2048x2560,DUM1150,900C,6,500X,LBE
383,DUM1150 013 500X 30keV HC14 15mm Center 3 LEI 013.tif,2048x2560,DUM1150,900C,6,500X,LEI
384,DUM1150 008 10000X 30keV HC14 15mm Center LBE 008.tif,2048x2560,DUM1150,900C,6,10000X,LBE
385,DUM1150 018 500X 30keV HC14 15mm Right 2 LBE 018.tif,2048x2560,DUM1150,900C,6,500X,LBE
386,DUM1150 001 300X 30keV HC14 15mm Left End LEI 001.tif,2048x2560,DUM1150,900C,6,300X,LEI
387,DUM1160 006 500X 30keV HC14 15mm Left Mid LBE 006.tif,2048x2560,DUM1160,900C,7,500X,LBE
388,DUM1160 015 300X 30keV HC14 15mm Right End LEI 015.tif,2048x2560,DUM1160,900C,7,300X,LEI
389,DUM1160 002 500X 30keV HC14 15mm Left End LBE 002.tif,2048x2560,DUM1160,900C,7,500X,LBE
390,DUM1160 013 500X 30keV HC14 15mm Right Mid LBE 013.tif,2048x2560,DUM1160,900C,7,500X,LBE
391,DUM1160 016 500X 30keV HC14 15mm Right End LBE 016.tif,2048x2560,DUM1160,900C,7,500X,LBE
392,DUM1160 019 500X 30keV HC14 15mm Center LEI 019.tif,2048x2560,DUM1160,900C,7,500X,LEI
393,DUM1160 009 500X 30keV HC14 15mm Center LBE 009.tif,2048x2560,DUM1160,900C,7,500X,LBE
394,DUM1160 008 300X 30keV HC14 15mm Center LBE 008.tif,2048x2560,DUM1160,900C,7,300X,LBE
395,DUM1160 005 500X 30keV HC14 15mm Left Mid Mid LEI 005.tif,2048x2560,DUM1160,900C,7,500X,LEI
396,DUM1160 012 500X 30keV HC14 15mm Center Right LEI 012.tif,2048x2560,DUM1160,900C,7,500X,LEI
397,DUM1160 001 300X 30keV HC14 15mm Left End LEI 001.tif,2048x2560,DUM1160,900C,7,300X,LEI
398,DUM1160 007 500X 30keV HC14 15mm Center Left LBE 007.tif,2048x2560,DUM1160,900C,7,500X,LBE
399,DUM1160 006 500X 30keV HC14 15mm Left Mid LEI 006.tif,2048x2560,DUM1160,900C,7,500X,LEI
400,DUM1160 015 300X 30keV HC14 15mm Right End LBE 015.tif,2048x2560,DUM1160,900C,7,300X,LBE
401,DUM1160 002 500X 30keV HC14 15mm Left End LEI 002.tif,2048x2560,DUM1160,900C,7,500X,LEI
402,DUM1160 016 500X 30keV HC14 15mm Right End LEI 016.tif,2048x2560,DUM1160,900C,7,500X,LEI
403,DUM1160 013 500X 30keV HC14 15mm Right Mid LEI 013.tif,2048x2560,DUM1160,900C,7,500X,LEI
404,DUM1160 008 300X 30keV HC14 15mm Center LEI 008.tif,2048x2560,DUM1160,900C,7,300X,LEI
405,DUM1160 009 500X 30keV HC14 15mm Center LEI 009.tif,2048x2560,DUM1160,900C,7,500X,LEI
406,DUM1160 019 500X 30keV HC14 15mm Center LBE 019.tif,2048x2560,DUM1160,900C,7,500X,LBE
407,DUM1160 012 500X 30keV HC14 15mm Center Right LBE 012.tif,2048x2560,DUM1160,900C,7,500X,LBE
408,DUM1160 005 500X 30keV HC14 15mm Left Mid Mid LBE 005.tif,2048x2560,DUM1160,900C,7,500X,LBE
409,DUM1160 007 500X 30keV HC14 15mm Center Left LEI 007.tif,2048x2560,DUM1160,900C,7,500X,LEI
410,DUM1160 001 300X 30keV HC14 15mm Left End LBE 001.tif,2048x2560,DUM1160,900C,7,300X,LBE
411,DUM1303 020 5000X 30keV HC14 15mm Right LEI 020.tif,2048x2560,DUM1303,1000C,3,5000X,LEI
412,DUM1303 006 500X 30keV HC14 15mm Left Mid 1 LEI 006.tif,2048x2560,DUM1303,1000C,3,500X,LEI
413,DUM1303 003 5000X 30keV HC14 15mm Left LEI 003.tif,2048x2560,DUM1303,1000C,3,5000X,LEI
414,DUM1303 013 5000X 30keV HC14 15mm Center LBE 013.tif,2048x2560,DUM1303,1000C,3,5000X,LBE
415,DUM1303 014 10000X 30keV HC14 15mm Center LEI 014.tif,2048x2560,DUM1303,1000C,3,10000X,LEI
416,DUM1303 011 500X 30keV HC14 15mm Center 1 LBE 011.tif,2048x2560,DUM1303,1000C,3,500X,LBE
417,DUM1303 010 250X 30keV HC14 15mm Center LBE 010.tif,2048x2560,DUM1303,1000C,3,250X,LBE
418,DUM1303 021 10000X 30keV HC14 15mm Right LEI 021.tif,2048x2560,DUM1303,1000C,3,10000X,LEI
419,DUM1303 018 250X 30keV HC14 15mm Right LBE 018.tif,2048x2560,DUM1303,1000C,3,250X,LBE
420,DUM1303 001 250X 30keV HC14 15mm Left LBE 001.tif,2048x2560,DUM1303,1000C,3,250X,LBE
421,DUM1303 005 500X 30keV HC14 15mm Left 2 LEI 005.tif,2048x2560,DUM1303,1000C,3,500X,LEI
422,DUM1303 016 500X 30keV HC14 15mm Right Mid 1 LBE 016.tif,2048x2560,DUM1303,1000C,3,500X,LBE
423,DUM1303 002 500X 30keV HC14 15mm Left 1 LEI 002.tif,2048x2560,DUM1303,1000C,3,500X,LEI
424,DUM1303 007 500X 30keV HC14 15mm Left Mid 2 LBE 007.tif,2048x2560,DUM1303,1000C,3,500X,LBE
425,DUM1303 004 10000X 30keV HC14 15mm Left LBE 004.tif,2048x2560,DUM1303,1000C,3,10000X,LBE
426,DUM1303 008 5000X 30keV HC14 15mm Left Mid LBE 008.tif,2048x2560,DUM1303,1000C,3,5000X,LBE
427,DUM1303 017 500X 30keV HC14 15mm Right Mid 2 LEI 017.tif,2048x2560,DUM1303,1000C,3,500X,LEI
428,DUM1303 012 500X 30keV HC14 15mm Center 2 LEI 012.tif,2048x2560,DUM1303,1000C,3,500X,LEI
429,DUM1303 015 500X 30keV HC14 15mm Center 3 LBE 015.tif,2048x2560,DUM1303,1000C,3,500X,LBE
430,DUM1303 022 500X 30keV HC14 15mm Right 2 LEI 022.tif,2048x2560,DUM1303,1000C,3,500X,LEI
431,DUM1303 009 10000X 30keV HC14 15mm Left Mid LBE 009.tif,2048x2560,DUM1303,1000C,3,10000X,LBE
432,DUM1303 019 500X 30keV HC14 15mm Right 1 LBE 019.tif,2048x2560,DUM1303,1000C,3,500X,LBE
433,DUM1303 013 5000X 30keV HC14 15mm Center LEI 013.tif,2048x2560,DUM1303,1000C,3,5000X,LEI
434,DUM1303 003 5000X 30keV HC14 15mm Left LBE 003.tif,2048x2560,DUM1303,1000C,3,5000X,LBE
435,DUM1303 006 500X 30keV HC14 15mm Left Mid 1 LBE 006.tif,2048x2560,DUM1303,1000C,3,500X,LBE
436,DUM1303 020 5000X 30keV HC14 15mm Right LBE 020.tif,2048x2560,DUM1303,1000C,3,5000X,LBE
437,DUM1303 010 250X 30keV HC14 15mm Center LEI 010.tif,2048x2560,DUM1303,1000C,3,250X,LEI
438,DUM1303 011 500X 30keV HC14 15mm Center 1 LEI 011.tif,2048x2560,DUM1303,1000C,3,500X,LEI
439,DUM1303 014 10000X 30keV HC14 15mm Center LBE 014.tif,2048x2560,DUM1303,1000C,3,10000X,LBE
440,DUM1303 018 250X 30keV HC14 15mm Right LEI 018.tif,2048x2560,DUM1303,1000C,3,250X,LEI
441,DUM1303 021 10000X 30keV HC14 15mm Right LBE 021.tif,2048x2560,DUM1303,1000C,3,10000X,LBE
442,DUM1303 004 10000X 30keV HC14 15mm Left LEI 004.tif,2048x2560,DUM1303,1000C,3,10000X,LEI
443,DUM1303 007 500X 30keV HC14 15mm Left Mid 2 LEI 007.tif,2048x2560,DUM1303,1000C,3,500X,LEI
444,DUM1303 002 500X 30keV HC14 15mm Left 1 LBE 002.tif,2048x2560,DUM1303,1000C,3,500X,LBE
445,DUM1303 016 500X 30keV HC14 15mm Right Mid 1 LEI 016.tif,2048x2560,DUM1303,1000C,3,500X,LEI
446,DUM1303 005 500X 30keV HC14 15mm Left 2 LBE 005.tif,2048x2560,DUM1303,1000C,3,500X,LBE
447,DUM1303 001 250X 30keV HC14 15mm Left LEI 001.tif,2048x2560,DUM1303,1000C,3,250X,LEI
448,DUM1303 012 500X 30keV HC14 15mm Center 2 LBE 012.tif,2048x2560,DUM1303,1000C,3,500X,LBE
449,DUM1303 017 500X 30keV HC14 15mm Right Mid 2 LBE 017.tif,2048x2560,DUM1303,1000C,3,500X,LBE
450,DUM1303 008 5000X 30keV HC14 15mm Left Mid LEI 008.tif,2048x2560,DUM1303,1000C,3,5000X,LEI
451,DUM1303 022 500X 30keV HC14 15mm Right 2 LBE 022.tif,2048x2560,DUM1303,1000C,3,500X,LBE
452,DUM1303 015 500X 30keV HC14 15mm Center 3 LEI 015.tif,2048x2560,DUM1303,1000C,3,500X,LEI
453,DUM1303 019 500X 30keV HC14 15mm Right 1 LEI 019.tif,2048x2560,DUM1303,1000C,3,500X,LEI
454,DUM1303 009 10000X 30keV HC14 15mm Left Mid LEI 009.tif,2048x2560,DUM1303,1000C,3,10000X,LEI
455,DUM1142 005 10000X 30keV HC14 Center LEI 005.tif,2048x2560,DUM1142,1000C,4,10000X,LEI
456,DUM1142 002 500X 30keV HC14 Center SEI 002.tif,2048x2560,DUM1142,1000C,4,500X,SEI
457,DUM1142 006 500X 30keV HC14 Left Mid LEI 006.tif,2048x2560,DUM1142,1000C,4,500X,LEI
458,DUM1142 013 500X 30keV HC14 Left Low LEI 013.tif,2048x2560,DUM1142,1000C,4,500X,LEI
459,DUM1142 012 500X 30keV HC14 Left Top LBE 012.tif,2048x2560,DUM1142,1000C,4,500X,LBE
460,DUM1142 022 500X 30keV HC14 Right Low LEI 022.tif,2048x2560,DUM1142,1000C,4,500X,LEI
461,DUM1142 015 500X 30keV HC14 Mid Right LEI 015.tif,2048x2560,DUM1142,1000C,4,500X,LEI
462,DUM1142 021 500X 30keV HC14 Right Top LBE 021.tif,2048x2560,DUM1142,1000C,4,500X,LBE
463,DUM1142 003 2500X 30keV HC14 Center SEI 003.tif,2048x2560,DUM1142,1000C,4,2500X,SEI
464,DUM1142 004 5000X 30keV HC14 Center LBE 004.tif,2048x2560,DUM1142,1000C,4,5000X,LBE
465,DUM1142 008 500X 30keV HC14 Left LBE 008.tif,2048x2560,DUM1142,1000C,4,500X,LBE
466,DUM1142 017 500X 30keV HC14 Right LBE 017.tif,2048x2560,DUM1142,1000C,4,500X,LBE
467,DUM1142 001 250X 30keV HC14 Center LBE 001.tif,2048x2560,DUM1142,1000C,4,250X,LBE
468,DUM1142 007 250X 30keV HC14 Left LBE 007.tif,2048x2560,DUM1142,1000C,4,250X,LBE
469,DUM1142 018 2500X 30keV HC14 Right LEI 018.tif,2048x2560,DUM1142,1000C,4,2500X,LEI
470,DUM1142 014 500X 30keV HC14 Center Top LEI 014.tif,2048x2560,DUM1142,1000C,4,500X,LEI
471,DUM1142 011 10000X 30keV HC14 Left LEI 011.tif,2048x2560,DUM1142,1000C,4,10000X,LEI
472,DUM1142 003 2500X 30keV HC14 Center LEI 003.tif,2048x2560,DUM1142,1000C,4,2500X,LEI
473,DUM1142 002 500X 30keV HC14 Center LEI 002.tif,2048x2560,DUM1142,1000C,4,500X,LEI
474,DUM1142 006 500X 30keV HC14 Left Mid SEI 006.tif,2048x2560,DUM1142,1000C,4,500X,SEI
475,DUM1142 020 10000X 30keV HC14 Right LBE 020.tif,2048x2560,DUM1142,1000C,4,10000X,LBE
476,DUM1142 010 5000X 30keV HC14 Left LEI 010.tif,2048x2560,DUM1142,1000C,4,5000X,LEI
477,DUM1142 016 250X 30keV HC14 Right LBE 016.tif,2048x2560,DUM1142,1000C,4,250X,LBE
478,DUM1142 019 5000X 30keV HC14 Right LEI 019.tif,2048x2560,DUM1142,1000C,4,5000X,LEI
479,DUM1142 005 10000X 30keV HC14 Center SEI 005.tif,2048x2560,DUM1142,1000C,4,10000X,SEI
480,DUM1142 009 2500X 30keV HC14 Left LEI 009.tif,2048x2560,DUM1142,1000C,4,2500X,LEI
481,DUM1142 005 10000X 30keV HC14 Center LBE 005.tif,2048x2560,DUM1142,1000C,4,10000X,LBE
482,DUM1142 022 500X 30keV HC14 Right Low LBE 022.tif,2048x2560,DUM1142,1000C,4,500X,LBE
483,DUM1142 015 500X 30keV HC14 Mid Right LBE 015.tif,2048x2560,DUM1142,1000C,4,500X,LBE
484,DUM1142 012 500X 30keV HC14 Left Top LEI 012.tif,2048x2560,DUM1142,1000C,4,500X,LEI
485,DUM1142 006 500X 30keV HC14 Left Mid LBE 006.tif,2048x2560,DUM1142,1000C,4,500X,LBE
486,DUM1142 013 500X 30keV HC14 Left Low LBE 013.tif,2048x2560,DUM1142,1000C,4,500X,LBE
487,DUM1142 008 500X 30keV HC14 Left LEI 008.tif,2048x2560,DUM1142,1000C,4,500X,LEI
488,DUM1142 004 5000X 30keV HC14 Center LEI 004.tif,2048x2560,DUM1142,1000C,4,5000X,LEI
489,DUM1142 021 500X 30keV HC14 Right Top LEI 021.tif,2048x2560,DUM1142,1000C,4,500X,LEI
490,DUM1142 001 250X 30keV HC14 Center SEI 001.tif,2048x2560,DUM1142,1000C,4,250X,SEI
491,DUM1142 017 500X 30keV HC14 Right LEI 017.tif,2048x2560,DUM1142,1000C,4,500X,LEI
492,DUM1142 003 2500X 30keV HC14 Center LBE 003.tif,2048x2560,DUM1142,1000C,4,2500X,LBE
493,DUM1142 004 5000X 30keV HC14 Center SEI 004.tif,2048x2560,DUM1142,1000C,4,5000X,SEI
494,DUM1142 011 10000X 30keV HC14 Left LBE 011.tif,2048x2560,DUM1142,1000C,4,10000X,LBE
495,DUM1142 014 500X 30keV HC14 Center Top LBE 014.tif,2048x2560,DUM1142,1000C,4,500X,LBE
496,DUM1142 018 2500X 30keV HC14 Right LBE 018.tif,2048x2560,DUM1142,1000C,4,2500X,LBE
497,DUM1142 007 250X 30keV HC14 Left LEI 007.tif,2048x2560,DUM1142,1000C,4,250X,LEI
498,DUM1142 001 250X 30keV HC14 Center LEI 001.tif,2048x2560,DUM1142,1000C,4,250X,LEI
499,DUM1142 010 5000X 30keV HC14 Left LBE 010.tif,2048x2560,DUM1142,1000C,4,5000X,LBE
500,DUM1142 020 10000X 30keV HC14 Right LEI 020.tif,2048x2560,DUM1142,1000C,4,10000X,LEI
501,DUM1142 002 500X 30keV HC14 Center LBE 002.tif,2048x2560,DUM1142,1000C,4,500X,LBE
502,DUM1142 009 2500X 30keV HC14 Left LBE 009.tif,2048x2560,DUM1142,1000C,4,2500X,LBE
503,DUM1142 019 5000X 30keV HC14 Right LBE 019.tif,2048x2560,DUM1142,1000C,4,5000X,LBE
504,DUM1142 016 250X 30keV HC14 Right LEI 016.tif,2048x2560,DUM1142,1000C,4,250X,LEI
505,DUM1148 013 5000X 30keV HC14 Left Mid SEI 013.tif,1024x1280,DUM1148,1000C,6,5000X,SEI
506,DUM1148 M02 250X 30keV Left LABE M02- 7.tiff,1448x2048,DUM1148,1000C,6,250X,LABE
507,DUM1148 005 250X 30keV HC14 Center LEI 005.tif,1024x1280,DUM1148,1000C,6,250X,LEI
508,DUM1148 M03 250X 30keV Right LABE M03- 5.tiff,1448x2048,DUM1148,1000C,6,250X,LABE
509,DUM1148 M01 250X 30keV Center LABE M01.tif,1232x7217,DUM1148,1000C,6,250X,LABE
510,DUM1148 M01 250X 30keV Center LABE M01- 6.tiff,1448x2048,DUM1148,1000C,6,250X,LABE
511,DUM1148 M03 250X 30keV Right LABE M03- 10.tiff,1448x2048,DUM1148,1000C,6,250X,LABE
512,DUM1148 021 500X 30keV HC14 Left Mid 1 LEI 021.tif,2048x2560,DUM1148,1000C,6,500X,LEI
513,DUM1148 M03 250X 30keV Right LABE M03- 9.tiff,1448x2048,DUM1148,1000C,6,250X,LABE
514,DUM1148 010 500X 30keV HC14 Left End SEI 010.tif,1024x1280,DUM1148,1000C,6,500X,SEI
515,DUM1148 014 10000X 30keV HC14 Left Mid LEI 014.tif,1024x1280,DUM1148,1000C,6,10000X,LEI
516,DUM1148 008 10000X 30keV HC14 Center SEI 008.tif,1024x1280,DUM1148,1000C,6,10000X,SEI
517,DUM1148 015 5000X 30keV HC14 Right Mid LBE 015.tif,1024x1280,DUM1148,1000C,6,5000X,LBE
518,DUM1148 020 500X 30keV HC14 Right Mid 4 LEI 020.tif,2048x2560,DUM1148,1000C,6,500X,LEI
519,DUM1148 012 10000X 30keV HC14 Left End LBE 012.tif,1024x1280,DUM1148,1000C,6,10000X,LBE
520,DUM1148 023 500X 30keV HC14 Left Mid 3 LEI 023.tif,2048x2560,DUM1148,1000C,6,500X,LEI
521,DUM1148 M03 250X 30keV Right LABE M03- 8.tiff,1448x2048,DUM1148,1000C,6,250X,LABE
522,DUM1148 006 500X 30keV HC14 Center LBE 006.tif,1024x1280,DUM1148,1000C,6,500X,LBE
523,DUM1148 M01 250X 30keV Center LABE M01- 7.tiff,1448x2048,DUM1148,1000C,6,250X,LABE
524,DUM1148 001 250X 30keV HC14 Right End LBE 001.tif,1024x1280,DUM1148,1000C,6,250X,LBE
525,DUM1148 016 10000X 30keV HC14 Right Mid SEI 016.tif,1024x1280,DUM1148,1000C,6,10000X,SEI
526,DUM1148 M03 250X 30keV Right LABE M03- 4.tiff,1448x2048,DUM1148,1000C,6,250X,LABE
527,DUM1148 024 500X 30keV HC14 Left Mid 4 LEI 024.tif,2048x2560,DUM1148,1000C,6,500X,LEI
528,DUM1148 004 10000X 30keV HC14 Right End SEI 004.tif,1024x1280,DUM1148,1000C,6,10000X,SEI
529,DUM1148 003 5000X 30keV HC14 Right End LEI 003.tif,1024x1280,DUM1148,1000C,6,5000X,LEI
530,DUM1148 M02 250X 30keV Left LABE M02- 6.tiff,1448x2048,DUM1148,1000C,6,250X,LABE
531,DUM1148 016 10000X 30keV HC14 Right Mid LEI 016.tif,1024x1280,DUM1148,1000C,6,10000X,LEI
532,DUM1148 004 10000X 30keV HC14 Right End LEI 004.tif,1024x1280,DUM1148,1000C,6,10000X,LEI
533,DUM1148 011 5000X 30keV HC14 Left End LBE 011.tif,1024x1280,DUM1148,1000C,6,5000X,LBE
534,DUM1148 003 5000X 30keV HC14 Right End SEI 003.tif,1024x1280,DUM1148,1000C,6,5000X,SEI
535,DUM1148 019 500X 30keV HC14 Right Mid 3 LBE 019.tif,2048x2560,DUM1148,1000C,6,500X,LBE
536,DUM1148 M02 250X 30keV Left LABE M02- 1.tiff,1448x2048,DUM1148,1000C,6,250X,LABE
537,DUM1148 009 250X 30keV HC14 Left End LBE 009.tif,1024x1280,DUM1148,1000C,6,250X,LBE
538,DUM1148 M03 250X 30keV Right LABE M03- 3.tiff,1448x2048,DUM1148,1000C,6,250X,LABE
539,DUM1148 M01 250X 30keV Center LABE M01- 1.tiff,1448x2048,DUM1148,1000C,6,250X,LABE
540,DUM1148 007 5000X 30keV HC14 Center LBE 007.tif,1024x1280,DUM1148,1000C,6,5000X,LBE
541,DUM1148 022 500X 30keV HC14 Left Mid 2 LEI 022.tif,2048x2560,DUM1148,1000C,6,500X,LEI
542,DUM1148 M03 250X 30keV Right LABE M03- 2.tiff,1448x2048,DUM1148,1000C,6,250X,LABE
543,DUM1148 008 10000X 30keV HC14 Center LEI 008.tif,1024x1280,DUM1148,1000C,6,10000X,LEI
544,DUM1148 010 500X 30keV HC14 Left End LEI 010.tif,1024x1280,DUM1148,1000C,6,500X,LEI
545,DUM1148 014 10000X 30keV HC14 Left Mid SEI 014.tif,1024x1280,DUM1148,1000C,6,10000X,SEI
546,DUM1148 005 250X 30keV HC14 Center SEI 005.tif,1024x1280,DUM1148,1000C,6,250X,SEI
547,DUM1148 013 5000X 30keV HC14 Left Mid LEI 013.tif,1024x1280,DUM1148,1000C,6,5000X,LEI
548,DUM1148 018 500X 30keV HC14 Right Mid 2 LEI 018.tif,2048x2560,DUM1148,1000C,6,500X,LEI
549,DUM1148 017 500X 30keV HC14 Right Mid 1 LBE 017.tif,2048x2560,DUM1148,1000C,6,500X,LBE
550,DUM1148 005 250X 30keV HC14 Center LBE 005.tif,1024x1280,DUM1148,1000C,6,250X,LBE
551,DUM1148 M03 250X 30keV Right LABE M03.tiff,1260x8796,DUM1148,1000C,6,250X,LABE
552,DUM1148 M01 250X 30keV Center LABE M01- 2.tiff,1448x2048,DUM1148,1000C,6,250X,LABE
553,DUM1148 014 10000X 30keV HC14 Left Mid LBE 014.tif,1024x1280,DUM1148,1000C,6,10000X,LBE
554,DUM1148 002 500X 30keV HC14 Right End LEI 002.tif,1024x1280,DUM1148,1000C,6,500X,LEI
555,DUM1148 M03 250X 30keV Right LABE M03- 1.tiff,1448x2048,DUM1148,1000C,6,250X,LABE
556,DUM1148 007 5000X 30keV HC14 Center SEI 007.tif,1024x1280,DUM1148,1000C,6,5000X,SEI
557,DUM1148 021 500X 30keV HC14 Left Mid 1 LBE 021.tif,2048x2560,DUM1148,1000C,6,500X,LBE
558,DUM1148 M02 250X 30keV Left LABE M02- 3.tiff,1448x2048,DUM1148,1000C,6,250X,LABE
559,DUM1148 M02 250X 30keV Left LABE M02- 2.tiff,1448x2048,DUM1148,1000C,6,250X,LABE
560,DUM1148 023 500X 30keV HC14 Left Mid 3 LBE 023.tif,2048x2560,DUM1148,1000C,6,500X,LBE
561,DUM1148 012 10000X 30keV HC14 Left End LEI 012.tif,1024x1280,DUM1148,1000C,6,10000X,LEI
562,DUM1148 M01 250X 30keV Center LABE M01- 3.tiff,1448x2048,DUM1148,1000C,6,250X,LABE
563,DUM1148 020 500X 30keV HC14 Right Mid 4 LBE 020.tif,2048x2560,DUM1148,1000C,6,500X,LBE
564,DUM1148 015 5000X 30keV HC14 Right Mid LEI 015.tif,1024x1280,DUM1148,1000C,6,5000X,LEI
565,DUM1148 M02 250X 30keV Left LABE M02.tiff,1312x7134,DUM1148,1000C,6,250X,LABE
566,DUM1148 009 250X 30keV HC14 Left End SEI 009.tif,1024x1280,DUM1148,1000C,6,250X,SEI
567,DUM1148 011 5000X 30keV HC14 Left End SEI 011.tif,1024x1280,DUM1148,1000C,6,5000X,SEI
568,DUM1148 003 5000X 30keV HC14 Right End LBE 003.tif,1024x1280,DUM1148,1000C,6,5000X,LBE
569,DUM1148 024 500X 30keV HC14 Left Mid 4 LBE 024.tif,2048x2560,DUM1148,1000C,6,500X,LBE
570,DUM1148 001 250X 30keV HC14 Right End LEI 001.tif,1024x1280,DUM1148,1000C,6,250X,LEI
571,DUM1148 006 500X 30keV HC14 Center LEI 006.tif,1024x1280,DUM1148,1000C,6,500X,LEI
572,DUM1148 M01 250X 30keV Center LABE M01- 4.tiff,1448x2048,DUM1148,1000C,6,250X,LABE
573,DUM1148 011 5000X 30keV HC14 Left End LEI 011.tif,1024x1280,DUM1148,1000C,6,5000X,LEI
574,DUM1148 004 10000X 30keV HC14 Right End LBE 004.tif,1024x1280,DUM1148,1000C,6,10000X,LBE
575,DUM1148 M03 250X 30keV Right LABE M03- 7.tiff,1448x2048,DUM1148,1000C,6,250X,LABE
576,DUM1148 006 500X 30keV HC14 Center SEI 006.tif,1024x1280,DUM1148,1000C,6,500X,SEI
577,DUM1148 016 10000X 30keV HC14 Right Mid LBE 016.tif,1024x1280,DUM1148,1000C,6,10000X,LBE
578,DUM1148 M02 250X 30keV Left LABE M02- 5.tiff,1448x2048,DUM1148,1000C,6,250X,LABE
579,DUM1148 001 250X 30keV HC14 Right End SEI 001.tif,1024x1280,DUM1148,1000C,6,250X,SEI
580,DUM1148 M01 250X 30keV Center LABE M01- 8.tiff,1448x2048,DUM1148,1000C,6,250X,LABE
581,DUM1148 015 5000X 30keV HC14 Right Mid SEI 015.tif,1024x1280,DUM1148,1000C,6,5000X,SEI
582,DUM1148 009 250X 30keV HC14 Left End LEI 009.tif,1024x1280,DUM1148,1000C,6,250X,LEI
583,DUM1148 012 10000X 30keV HC14 Left End SEI 012.tif,1024x1280,DUM1148,1000C,6,10000X,SEI
584,DUM1148 019 500X 30keV HC14 Right Mid 3 LEI 019.tif,2048x2560,DUM1148,1000C,6,500X,LEI
585,DUM1148 M02 250X 30keV Left LABE M02- 8.tiff,1448x2048,DUM1148,1000C,6,250X,LABE
586,DUM1148 002 500X 30keV HC14 Right End SEI 002.tif,1024x1280,DUM1148,1000C,6,500X,SEI
587,DUM1148 010 500X 30keV HC14 Left End LBE 010.tif,1024x1280,DUM1148,1000C,6,500X,LBE
588,DUM1148 008 10000X 30keV HC14 Center LBE 008.tif,1024x1280,DUM1148,1000C,6,10000X,LBE
589,DUM1148 022 500X 30keV HC14 Left Mid 2 LBE 022.tif,2048x2560,DUM1148,1000C,6,500X,LBE
590,DUM1148 007 5000X 30keV HC14 Center LEI 007.tif,1024x1280,DUM1148,1000C,6,5000X,LEI
591,DUM1148 M02 250X 30keV Left LABE M02- 4.tiff,1448x2048,DUM1148,1000C,6,250X,LABE
592,DUM1148 M03 250X 30keV Right LABE M03- 6.tiff,1448x2048,DUM1148,1000C,6,250X,LABE
593,DUM1148 017 500X 30keV HC14 Right Mid 1 LEI 017.tif,2048x2560,DUM1148,1000C,6,500X,LEI
594,DUM1148 013 5000X 30keV HC14 Left Mid LBE 013.tif,1024x1280,DUM1148,1000C,6,5000X,LBE
595,DUM1148 018 500X 30keV HC14 Right Mid 2 LBE 018.tif,2048x2560,DUM1148,1000C,6,500X,LBE
596,DUM1148 M01 250X 30keV Center LABE M01- 5.tiff,1448x2048,DUM1148,1000C,6,250X,LABE
597,DUM1162 250X 30keV HC14 LABE Right End M03- 1.tiff,1448x2048,DUM1162,1000C,7,30keV,LABE
598,DUM1162 010 500X 30keV HC14 15mm Left End LEI 010.tif,1024x1280,DUM1162,1000C,7,500X,LEI
599,DUM1162 250X 30keV HC14 LABE Left End M01- 1.tiff,1448x2048,DUM1162,1000C,7,30keV,LABE
600,DUM1162 250X 30keV HC14 LABE Center M02 edit LR.tif,689x3000,DUM1162,1000C,7,30keV,LABE
601,DUM1162 008 10000X 30keV HC14 15mm Center LBE 008.tif,1024x1280,DUM1162,1000C,7,10000X,LBE
602,DUM1162 005 250X 30keV HC14 15mm Center LEI 005.tif,1024x1280,DUM1162,1000C,7,250X,LEI
603,DUM1162 003 5000X 30keV HC14 15mm Right End LBE 003.tif,1024x1280,DUM1162,1000C,7,5000X,LBE
604,DUM1162 250X 30keV HC14 LABE Center M02- 1.tiff,1448x2048,DUM1162,1000C,7,30keV,LABE
605,DUM1162 004 10000X 30keV HC14 15mm Right End LEI 004.tif,1024x1280,DUM1162,1000C,7,10000X,LEI
606,DUM1162 250X 30keV HC14 LABE Left End M01- 7.tiff,1448x2048,DUM1162,1000C,7,30keV,LABE
607,DUM1162 004 10000X 30keV HC14 15mm Right End SEI 004.tif,1024x1280,DUM1162,1000C,7,10000X,SEI
608,DUM1162 250X 30keV HC14 LABE Right End M03- 7.tiff,1448x2048,DUM1162,1000C,7,30keV,LABE
609,DUM1162 007 5000X 30keV HC14 15mm Center LBE 007.tif,1024x1280,DUM1162,1000C,7,5000X,LBE
610,DUM1162 005 250X 30keV HC14 15mm Center SEI 005.tif,1024x1280,DUM1162,1000C,7,250X,SEI
611,DUM1162 250X 30keV HC14 LABE Center M02- 6.tiff,1448x2048,DUM1162,1000C,7,30keV,LABE
612,DUM1162 011 5000X 30keV HC14 15mm Left End LBE 011.tif,1024x1280,DUM1162,1000C,7,5000X,LBE
613,DUM1162 250X 30keV HC14 LABE Right End M03- 6.tiff,1448x2048,DUM1162,1000C,7,30keV,LABE
614,DUM1162 010 500X 30keV HC14 15mm Left End SEI 010.tif,1024x1280,DUM1162,1000C,7,500X,SEI
615,DUM1162 012 10000X 30keV HC14 15mm Left End LBE 012.tif,1024x1280,DUM1162,1000C,7,10000X,LBE
616,DUM1162 250X 30keV HC14 LABE Left End M01- 6.tiff,1448x2048,DUM1162,1000C,7,30keV,LABE
617,DUM1162 250X 30keV HC14 LABE Left End M01- 5.tiff,1448x2048,DUM1162,1000C,7,30keV,LABE
618,DUM1162 012 10000X 30keV HC14 15mm Left End SEI 012.tif,1024x1280,DUM1162,1000C,7,10000X,SEI
619,DUM1162 006 500X 30keV HC14 15mm Center SEI 006.tif,1024x1280,DUM1162,1000C,7,500X,SEI
620,DUM1162 250X 30keV HC14 LABE Center M02- 4.tiff,1448x2048,DUM1162,1000C,7,30keV,LABE
621,DUM1162 250X 30keV HC14 LABE Right End M03- 5.tiff,1448x2048,DUM1162,1000C,7,30keV,LABE
622,DUM1162 003 5000X 30keV HC14 15mm Right End LEI 003.tif,1024x1280,DUM1162,1000C,7,5000X,LEI
623,DUM1162 011 5000X 30keV HC14 15mm Left End SEI 011.tif,1024x1280,DUM1162,1000C,7,5000X,SEI
624,DUM1162 007 5000X 30keV HC14 15mm Center SEI 007.tif,1024x1280,DUM1162,1000C,7,5000X,SEI
625,DUM1162 250X 30keV HC14 LABE Left End M01- 8.tiff,1448x2048,DUM1162,1000C,7,30keV,LABE
626,DUM1162 250X 30keV HC14 LABE Right End M03- 4.tiff,1448x2048,DUM1162,1000C,7,30keV,LABE
627,DUM1162 008 10000X 30keV HC14 15mm Center LEI 008.tif,1024x1280,DUM1162,1000C,7,10000X,LEI
628,DUM1162 250X 30keV HC14 LABE Center M02- 5.tiff,1448x2048,DUM1162,1000C,7,30keV,LABE
629,DUM1162 009 250X 30keV HC14 15mm Left End LEI 009.tif,1024x1280,DUM1162,1000C,7,250X,LEI
630,DUM1162 001 250X 30keV HC14 15mm Right End SEI 001.tif,1024x1280,DUM1162,1000C,7,250X,SEI
631,DUM1162 250X 30keV HC14 LABE Left End M01- 4.tiff,1448x2048,DUM1162,1000C,7,30keV,LABE
632,DUM1162 250X 30keV HC14 LABE Right End M03- 8.tiff,1448x2048,DUM1162,1000C,7,30keV,LABE
633,DUM1162 004 10000X 30keV HC14 15mm Right End LBE 004.tif,1024x1280,DUM1162,1000C,7,10000X,LBE
634,DUM1162 002 500X 30keV HC14 15mm Right End LEI 002.tif,1024x1280,DUM1162,1000C,7,500X,LEI
635,DUM1162 009 250X 30keV HC14 15mm Left End SEI 009.tif,1024x1280,DUM1162,1000C,7,250X,SEI
636,DUM1162 250X 30keV HC14 LABE Center M02- 2.tiff,1448x2048,DUM1162,1000C,7,30keV,LABE
637,DUM1162 001 250X 30keV HC14 15mm Right End LEI 001.tif,1024x1280,DUM1162,1000C,7,250X,LEI
638,DUM1162 250X 30keV HC14 LABE Right End M03- 3.tiff,1448x2048,DUM1162,1000C,7,30keV,LABE
639,DUM1162 002 500X 30keV HC14 15mm Right End SEI 002.tif,1024x1280,DUM1162,1000C,7,500X,SEI
640,DUM1162 003 5000X 30keV HC14 15mm Right End SEI 003.tif,1024x1280,DUM1162,1000C,7,5000X,SEI
641,DUM1162 011 5000X 30keV HC14 15mm Left End LEI 011.tif,1024x1280,DUM1162,1000C,7,5000X,LEI
642,DUM1162 007 5000X 30keV HC14 15mm Center LEI 007.tif,1024x1280,DUM1162,1000C,7,5000X,LEI
643,DUM1162 008 10000X 30keV HC14 15mm Center SEI 008.tif,1024x1280,DUM1162,1000C,7,10000X,SEI
644,DUM1162 250X 30keV HC14 LABE Left End M01- 3.tiff,1448x2048,DUM1162,1000C,7,30keV,LABE
645,DUM1162 250X 30keV HC14 LABE Left End M01- 2.tiff,1448x2048,DUM1162,1000C,7,30keV,LABE
646,DUM1162 006 500X 30keV HC14 15mm Center LEI 006.tif,1024x1280,DUM1162,1000C,7,500X,LEI
647,DUM1162 250X 30keV HC14 LABE Right End M03- 2.tiff,1448x2048,DUM1162,1000C,7,30keV,LABE
648,DUM1162 012 10000X 30keV HC14 15mm Left End LEI 012.tif,1024x1280,DUM1162,1000C,7,10000X,LEI
649,DUM1162 250X 30keV HC14 LABE Center M02- 3.tiff,1448x2048,DUM1162,1000C,7,30keV,LABE
